Handle,Title,Body (HTML),Vendor,Product Category,Type,Tags,Published,Option1 Name,Option1 Value,Variant SKU,Variant Inventory Tracker,Variant Inventory Qty,Variant Inventory Policy,Variant Fulfillment Service,Variant Price,Variant Compare At Price,Variant Requires Shipping,Variant Taxable,Image Src,Image Position,Image Alt Text,SEO Title,SEO Description,Status
sweetheart-tree-family-of-2,The Sweetheart Tree — Personalized Family of 2,"<p>Two names. One tree. A lifetime of Christmases. A hand-cut glittered wood tree on a round wood base, finished with a red organza bow and topped with a star hand-lettered with your family name. Each family member gets their own hand-sculpted clay Santa-head figure, personalized with a name — and because the figures are magnetic, you can arrange them however you like and add more as your family grows. A keepsake made by hand for couples, newlyweds, and ""our first Christmas"" moments.</p>",Sue's Holiday Creations,Standing Family Trees,Personalized Family Tree,"family tree, personalized, handmade, couples, newlywed, keepsake, magnetic",TRUE,Title,Default Title,SHC-TREE-02,shopify,25,deny,manual,44.00,,TRUE,TRUE,,,,Personalized Family of 2 Christmas Tree | Handmade Couples Keepsake,Handmade personalized standing family tree with 2 magnetic name figures & a family-name star. A keepsake for couples & newlyweds. Made in the USA, ships in 3-5 days.,active
little-family-tree-family-of-3,The Little Family Tree — Personalized Family of 3,"<p>Your little family, captured in a keepsake. A hand-cut glittered wood tree on a round base with a red organza bow, topped with a star hand-lettered with your family name. Three magnetic, hand-sculpted clay Santa-head figures — one for each of you, personalized with a name (and yes, baby counts!). Rearrange them, add to them, and bring them out together every December.</p>",Sue's Holiday Creations,Standing Family Trees,Personalized Family Tree,"family tree, personalized, handmade, new family, keepsake, magnetic",TRUE,Title,Default Title,SHC-TREE-03,shopify,25,deny,manual,52.00,,TRUE,TRUE,,,,Personalized Family of 3 Christmas Tree | Handmade New Family Keepsake,Handmade personalized standing family tree with 3 magnetic name figures & a family-name star. A keepsake for new & growing families. Made in the USA, ships in 3-5 days.,active
family-of-four-keepsake-tree,The Family of Four Keepsake Tree — Personalized,"<p>Four names, one beautiful tree, and a whole lot of love. A hand-cut glittered wood tree on a round wood base, finished with a red organza bow and a star hand-lettered with your family name. Every member of your family gets their own magnetic, hand-sculpted clay Santa-head figure, personalized with a name — rearrange them, add to them, and gather them together every December. Handmade by Sue, made to become a tradition.</p>",Sue's Holiday Creations,Standing Family Trees,Personalized Family Tree,"family tree, personalized, handmade, bestseller, keepsake, magnetic",TRUE,Title,Default Title,SHC-TREE-04,shopify,25,deny,manual,59.00,,TRUE,TRUE,,,,Personalized Family of 4 Christmas Tree | Handmade Keepsake Gift,Handmade personalized standing family tree with 4 magnetic name figures & a family-name star. A keepsake Christmas gift for families. Made in the USA, ships in 3-5 days.,active
family-of-five-keepsake-tree,The Family of Five Keepsake Tree — Personalized,"<p>Big family, bigger love. A hand-cut glittered wood tree on a round base with a red organza bow and a star hand-lettered with your family name. Five magnetic, hand-sculpted clay Santa-head figures, each personalized with a name and accented with little clay hearts — a keepsake your crew will reach for, rearrange, and add to every holiday season.</p>",Sue's Holiday Creations,Standing Family Trees,Personalized Family Tree,"family tree, personalized, handmade, big family, keepsake, magnetic",TRUE,Title,Default Title,SHC-TREE-05,shopify,25,deny,manual,67.00,,TRUE,TRUE,,,,Personalized Family of 5 Christmas Tree | Handmade Keepsake,Handmade personalized standing family tree with 5 magnetic name figures & a family-name star. A keepsake gift for big families. Made in the USA, ships in 3-5 days.,active
family-of-six-keepsake-tree,The Family of Six Keepsake Tree — Personalized,"<p>Every name, every face, all in one place. A hand-cut glittered wood tree on a round wood base, finished with a red organza bow and a star hand-lettered with your family name. Six magnetic, hand-sculpted clay Santa-head figures, each personalized with a name — perfect for full houses, blended families, and grandparents who want everyone together. Lovingly made by hand and built to last for generations.</p>",Sue's Holiday Creations,Standing Family Trees,Personalized Family Tree,"family tree, personalized, handmade, blended family, grandparent, keepsake, magnetic",TRUE,Title,Default Title,SHC-TREE-06,shopify,25,deny,manual,76.00,,TRUE,TRUE,,,,Personalized Family of 6 Christmas Tree | Handmade Keepsake Gift,Handmade personalized standing family tree with 6 magnetic name figures & a family-name star. A keepsake for big & blended families. Made in the USA, ships in 3-5 days.,active
family-of-seven-keepsake-tree,The Family of Seven Keepsake Tree — Personalized,"<p>For the families that fill the whole room. A hand-cut glittered wood tree on a round base with a red organza bow and a star hand-lettered with your family name. Seven magnetic, hand-sculpted clay Santa-head figures, each personalized with a name and accented with little clay hearts — a gift that says everyone belongs here, ready to become your family's favorite December tradition.</p>",Sue's Holiday Creations,Standing Family Trees,Personalized Family Tree,"family tree, personalized, handmade, large family, keepsake, magnetic",TRUE,Title,Default Title,SHC-TREE-07,shopify,25,deny,manual,85.00,,TRUE,TRUE,,,,Personalized Family of 7 Christmas Tree | Handmade Keepsake,Handmade personalized standing family tree with 7 magnetic name figures & a family-name star. A keepsake for large families. Made in the USA, ships in 3-5 days.,active
grand-family-tree-family-of-8,The Grand Family Tree — Personalized Family of 8,"<p>The whole family, together at last. Our largest keepsake: a hand-cut glittered wood tree on a round wood base, finished with a red organza bow and a star hand-lettered with your family name. Eight magnetic, hand-sculpted clay Santa-head figures — every parent, child, and grandchild who makes your family yours — each personalized with a name and accented with clay hearts. More names, more love, more tradition. Made entirely by hand and ready to become an heirloom.</p>",Sue's Holiday Creations,Standing Family Trees,Personalized Family Tree,"family tree, personalized, handmade, heirloom, flagship, keepsake, magnetic",TRUE,Title,Default Title,SHC-TREE-08,shopify,25,deny,manual,99.00,,TRUE,TRUE,,,,Personalized Family of 8 Christmas Tree | Handmade Heirloom Keepsake,Our largest handmade personalized standing family tree — 8 magnetic name figures & a family-name star. A keepsake heirloom. Made in the USA, ships in 3-5 days.,active
family-home-tree-ornament,Personalized Family Home & Tree Ornament,"<p>A charming hand-painted wood ornament — a holly-trimmed home beside a glittered Christmas tree — personalized with a magnetic, hand-sculpted clay Santa-head figure for each family member, every name hand-lettered by Sue. Finished with a wire hanger so it hangs right on your tree. A heartfelt keepsake for the whole family (up to about 4 names; ask for more).</p>",Sue's Holiday Creations,Ornaments,Personalized Ornament,"ornament, personalized, handmade, family, home, keepsake, magnetic",TRUE,Title,Default Title,SHC-ORN-HOME,shopify,40,deny,manual,36.00,,TRUE,TRUE,,,,Personalized Family Home & Tree Christmas Ornament | Handmade Keepsake,Hand-painted personalized family home & tree ornament with magnetic name figures. A handmade keepsake gift for the whole family. Made in the USA.,active
personalized-santa-head-magnet,Personalized Santa Head Figure — Add a Family Member,"<p>A magnetic, hand-sculpted clay Santa-head figure, hand-lettered with any name — the perfect way to add a new baby, a new partner, or a grandchild to your family tree. Matches your keepsake perfectly.</p>",Sue's Holiday Creations,Add-On Figures & Magnets,Add-On Magnet,"add-on, magnet, personalized, handmade, santa",TRUE,Title,Default Title,SHC-MAG-SANTA,shopify,100,deny,manual,12.00,,TRUE,TRUE,,,,Personalized Santa Head Figure | Add-On Family Tree Magnet,Handmade magnetic Santa-head name figure — add a family member to your tree keepsake. Made in the USA.,active
personalized-dog-magnet,Personalized Dog Magnet,"<p>Don't forget the fur babies! A magnetic, hand-sculpted clay dog, personalized with your pup's name so every pet has a place on the family tree. Choose your dog's fur color — tan, black, white, chocolate, or grey — in the personalization notes.</p>",Sue's Holiday Creations,Add-On Figures & Magnets,Add-On Magnet,"add-on, magnet, personalized, handmade, pet, dog",TRUE,Title,Default Title,SHC-MAG-DOG,shopify,100,deny,manual,12.00,,TRUE,TRUE,,,,Personalized Dog Magnet | Family Tree Pet Add-On,Handmade magnetic clay dog magnet, personalized with your pet's name & fur color. Add your pup to your family tree keepsake. Made in the USA.,active
personalized-cat-magnet,Personalized Cat Magnet,"<p>Every cat deserves a spot on the tree. A magnetic, hand-sculpted clay cat, personalized with your kitty's name. Choose your cat's fur color — black, grey, tan, white, or cream — in the personalization notes.</p>",Sue's Holiday Creations,Add-On Figures & Magnets,Add-On Magnet,"add-on, magnet, personalized, handmade, pet, cat",TRUE,Title,Default Title,SHC-MAG-CAT,shopify,100,deny,manual,12.00,,TRUE,TRUE,,,,Personalized Cat Magnet | Family Tree Pet Add-On,Handmade magnetic clay cat magnet, personalized with your pet's name & fur color. Add your kitty to your family tree keepsake. Made in the USA.,active
personalized-heart-magnet,Personalized Clay Heart Magnet,"<p>A magnetic, hand-sculpted clay heart to accent your family tree — for couples, anniversaries, or simply the ones held closest in your heart. Can be personalized with a name or date on request.</p>",Sue's Holiday Creations,Add-On Figures & Magnets,Add-On Magnet,"add-on, magnet, personalized, handmade, heart",TRUE,Title,Default Title,SHC-MAG-HEART,shopify,100,deny,manual,8.00,,TRUE,TRUE,,,,Clay Heart Magnet | Family Tree Add-On,Handmade magnetic clay heart magnet for your family tree keepsake. Made in the USA.,active
personalized-family-star,Personalized Family Name Star — Topper or Add-On,"<p>A magnetic, hand-sculpted clay star, hand-lettered with your family name and the year — the crowning touch for your tree, or a yearly keepsake to mark each Christmas. (Each standing family tree includes a family-name star; order here for a replacement, a new year, or a gift.)</p>",Sue's Holiday Creations,Add-On Figures & Magnets,Add-On Magnet,"add-on, magnet, personalized, handmade, star, dated",TRUE,Title,Default Title,SHC-MAG-STAR,shopify,100,deny,manual,10.00,,TRUE,TRUE,,,,Personalized Family Star | Dated Tree Topper & Add-On,Handmade magnetic clay star, hand-lettered with your family name & year. A keepsake topper or add-on for your family tree. Made in the USA.,active
clay-angel-ornament,Hand-Sculpted Clay Angel Ornament,"<p>A serene hand-sculpted clay angel with swirled wings, holding a golden star — a tender keepsake for remembering a loved one, welcoming a new baby, or simply adding a little grace to your tree. Can be personalized with a name on request.</p>",Sue's Holiday Creations,Ornaments,Personalized Ornament,"ornament, personalized, handmade, angel, memorial, keepsake",TRUE,Title,Default Title,SHC-ORN-ANGEL,shopify,60,deny,manual,16.00,,TRUE,TRUE,,,,Hand-Sculpted Clay Angel Ornament | Handmade Christmas Keepsake,Handmade clay angel ornament holding a star — a keepsake for remembrance, new babies & the holidays. Personalize on request. Made in the USA.,active
memorial-magnet,"""Always With Us"" Memorial Magnet","<p>A magnetic, hand-sculpted clay keepsake, personalized to remember a loved one — so they always have a place on your family tree.</p>",Sue's Holiday Creations,Add-On Figures & Magnets,Add-On Magnet,"add-on, magnet, personalized, handmade, memorial",TRUE,Title,Default Title,SHC-MAG-MEM,shopify,100,deny,manual,12.00,,TRUE,TRUE,,,,Memorial Magnet | Always With Us Family Tree Add-On,Handmade personalized memorial magnet to remember a loved one on your family tree. Made in the USA.,active
couples-keepsake-bundle,The Couple's Keepsake Set,"<p>Our Sweetheart Tree (Family of 2) paired with a personalized clay heart and a gift box — everything a couple needs to start a Christmas tradition, ready to unwrap.</p>",Sue's Holiday Creations,Gift Sets,Gift Set,"bundle, gift set, couples, keepsake, handmade",TRUE,Title,Default Title,SHC-BNDL-COUPLE,shopify,25,deny,manual,59.00,71.00,TRUE,TRUE,,,,Personalized Couple's Christmas Gift Set | Sue's Holiday Creations,Handmade personalized family tree gift set for couples — tree, clay heart & gift box, ready to give. Made in the USA.,active
family-bundle,The Family Bundle,"<p>Our most popular set: the Family of Four Keepsake Tree with a personalized pet magnet (dog or cat) and a gift box. The complete family keepsake, ready to gift.</p>",Sue's Holiday Creations,Gift Sets,Gift Set,"bundle, gift set, family, bestseller, keepsake, handmade",TRUE,Title,Default Title,SHC-BNDL-FAMILY,shopify,25,deny,manual,84.00,99.00,TRUE,TRUE,,,,Personalized Family Christmas Gift Set | Sue's Holiday Creations,Handmade personalized family tree gift set — tree, pet magnet & gift box. The perfect family keepsake. Made in the USA.,active
grandparent-gift-set,The Grandparent Gift Set,"<p>A Family of Six or Seven Keepsake Tree with two extra personalized name figures and a premium gift box — the gift grandparents actually cry over.</p>",Sue's Holiday Creations,Gift Sets,Gift Set,"bundle, gift set, grandparent, keepsake, handmade",TRUE,Title,Default Title,SHC-BNDL-GRAND,shopify,25,deny,manual,99.00,121.00,TRUE,TRUE,,,,Personalized Grandparent Christmas Gift Set | Sue's Holiday Creations,Handmade personalized family tree gift set for grandparents — tree, extra name figures & premium gift box. Made in the USA.,active
heirloom-gift-set,The Heirloom Set,"<p>Our flagship gift: the Grand Family Tree (Family of 8) with two add-on figures of your choice and a premium gift box. The whole family, made to become an heirloom.</p>",Sue's Holiday Creations,Gift Sets,Gift Set,"bundle, gift set, heirloom, flagship, keepsake, handmade",TRUE,Title,Default Title,SHC-BNDL-HEIRLOOM,shopify,25,deny,manual,119.00,141.00,TRUE,TRUE,,,,Personalized Heirloom Christmas Gift Set | Sue's Holiday Creations,Our flagship handmade personalized family tree gift set — Grand Tree, add-on figures & premium gift box. Made in the USA.,active
